,date,content,title,score
0,2021-03-28 22:40:49,Imposs√≠vel algu√©m que n√£o tem familiaridade com a tecnologia conseguir fazer,Valida√ß√£o facial,3
1,2021-11-01 15:12:32,"Poderiam centralizar tamb√©m para aparecer os documentos como: cart√£o sus, carteira de vacina√ß√£o, t√≠tulo de eleitor, cart√£o do pis, rg civil, e n√£o ficarem criando um aplicativo para cada documento.",Documentos,3
2,2021-10-28 18:11:36,"Muito dif√≠cil fazer o reconhecimento facial, sistema vai muito!",Dificuldade com o reconhecimento facial,3
3,2021-10-26 19:42:10,"N√£o entendo porque o sistema me d√° senha inv√°lida em cada acesso em dias diferentes? 
√â bem trabalhoso implantar uma nova senha. Acredito que seja por seguran√ßa, mas cr√≠tico o processo que √© muito lento.",Senha inv√°lida?,3
4,2021-10-24 02:55:12,N√£o consigo entra na conta tem um E-mail que n√£o √© meu √© um n√∫mero de celular tamb√©m como fa√ßo para fazer um novo cadastro?,Reclama√ß√£o,3
5,2021-10-15 15:45:48,"Para entrar √© muita burocracia. Dificultam demais o reconhecimento do servidor cliente. Pede reconhecimento facial, quando n√£o oferecem oportunidade de fazermos isto no governo. √â absurdo e irrespons√°vel cobrar aquilo que n√£o fornecem.",Aplicativo,3
6,2021-10-10 14:49:08,"Acho que atualizaram o App e eu consegui fazer o reconhecimento facial depois de muito custo, por√©m, n√£o √© poss√≠vel recuperar alguns documentos, pede para tentar mais tarde.",Conseguiu depois de muito custo,3
7,2021-10-05 15:16:40,Sempre tenho problemas com o reconhecimento facial.,Reconhecimento,3
8,2021-10-04 03:44:20,Seria mais pr√°tico se fosse poss√≠vel adicionar os documentos no Wallet,S√≥ falta compatibilidade com o Wallet,3
9,2021-10-01 12:25:12,"Realizar o reconhecimento facial √© sofr√≠vel: √© preciso quase grudar o rosto no celular, o que distorce a face por causa da lente, depois as mensagens que aparecem abaixo para virar o rosto ou piscar os olhos aparecem e somem t√£o r√°pido que qualquer um teria dificuldades em fazer o que o app est√° pedindo. Quando acessei o esocial, fui convidado a entrar sem senha, usando este app, por√©m ap√≥s usar a biometria e ler o QR Code corretamente, recebo a seguinte mensagem: ‚ÄúPrezado usu√°rio, a forma de autentica√ß√£o realizada no GovBR n√£o √© reconhecida pelo eSocial‚Äù. Se √© incompat√≠vel, porque o site do esocial me apresentou essa possibilidade?  Coloquem as equipes de desenvolvimento para conversar ;)",Dif√≠cil para leigos e incompat√≠vel com esocial,3
10,2021-09-22 16:25:22,"Quando se faz o login em 2 etapas o SMS n√£o chega nunca. N√£o consigo entrar na minha conta para verificar se o n√∫mero est√° correto e n√£o √© poss√≠vel resetar o n√∫mero cadastrado. N√£o existe suporte algum para o app, n√£o existe telefone para falar com eles nem e-mail.",SMS para login n√£o chega nunca,3
11,2021-09-22 13:36:23,"N√£o tem como exportar os documentos, como CPF e CNH, mas no mais atende bem.",Exporta√ß√£o de documentos,3
12,2021-09-18 20:12:15,"N√£o consigo atualizar o endere√ßo e outras informa√ß√µes em meus dados pessoais. Informa sempre que ocorreu erro e pra tentar mais tarde. O Certificado Militar consta na lista de documentos, mas n√£o carrega o documento e d√° erro. Se o usu√°rio optar por sair do sistema, tem que fazer todo o cadastro biom√©trico de novo (absurdo e perda de tempo), se n√£o, tem que fazer todo o cadastro biom√©trico de novo, caso contr√°rio, n√£o se consegue acessar o app depois de logado.","Bom, mas h√° muitas funcionalidades que n√£o funcionam",3
13,2021-09-18 14:31:46,"O App √© bom, mas demora um pouquinho pra abrir a CHT de tripulante. Poderiam disponibilizar a exporta√ß√£o pro wallet do celular",Pode melhorar,3
14,2021-09-17 09:44:18,Continua exigindo login mesmo com a op√ß√£o de biometria ativada,Biometria,3
15,2021-09-14 18:29:35,"App muito bom e pratico, por√©m troquei de celular e ele n√£o funciona mais, inclusive fiz o teste em outros dois iPhone 11 e em um 12 e o App n√£o abre",N√£o funciona em iPhone 11/12,3
16,2021-08-31 08:16:25,"Somente na terceira tentativa o sistema validou minha foto, mesmo atendendo a todas as instru√ß√µes.",Fotografia,3
17,2021-08-24 15:56:55,Achei bastante complicado o reconhecimento,Reconhecimento facial,3
18,2021-08-18 18:23:32,Levei quase uma hora pro reconhecimento facial aceitar minha foto,Dif√≠cil fazer reconhecimento facial,3
19,2021-08-12 03:58:11,"Demorei pra conseguir que a biometria fosse aprovada, mas depois que consegui cumpriu com a proposta.",Biometria facial complicada,3
20,2021-08-02 15:20:33,"O app precisa que o rosto fique muito colada √† c√¢mera. Isso deixa a foto horr√≠vel. Poderia centralizar a cabe√ßa no espa√ßo, n√£o o rosto.",S√≥ tira a foto cm o rosto colado √† c√¢mera.,3
21,2021-07-29 08:13:48,O SMS para valida√ß√£o n√£o chega.,N√£o chega o c√≥digo para o celular cadastrado,3
22,2021-07-16 18:11:27,"Consegui fazer a valida√ß√£o facial, mas foi necess√°rio estar em um local bem iluminado e utilizar a c√¢mera traseira do celular. Sugiro fazer no banheiro em frente ao espelho, de forma a ser poss√≠vel enxergar a tela do celular enquanto se usa a c√¢mera traseira.
Mas a expectativa √© conseguir fazer com a c√¢mera frontal em qualquer lugar. Fica a sugest√£o de melhoria da valida√ß√£o.",Valida√ß√£o facial deve ser melhorada,3
23,2021-07-12 17:15:17,O sistema n√£o identifica a Rua correta (Rua Monsenhor Cat√£o) pelo N√∫mero do CPF (60175000).,CPF,3
24,2021-07-09 12:03:35,Tive minha primeira tentativa de prova de vida negada. Agora n√£o me deixa fazer uma segunda. Como apagar a tentativa negada ou habilitar uma nova tentativa?,Prova de vida NEGADA,3
25,2021-07-04 16:00:04,"No app fala que tem que ter cnh ou t√≠tulo , mas j√° entra pedindo cnh",N√£o tenho cnh,3
26,2021-07-02 18:08:25,Dificuldade para conseguir cadastrar a foto,Dificuldade,3
27,2021-06-28 17:10:20,Deveria ter identicacao digital,Identifica√ß√£o digital,3
28,2021-06-17 21:13:36,"O APP, merece mais recursos e o Serpro, pode ajudar, melhor, os usu√°rios. J√° pensaram, nas dificuldades das pessoas idosas e das que n√£o t√™m conhecimento de tecnologias‚Ä¶",Recursos,3
29,2021-06-08 10:18:12,"8/6/21
Como falei anteriormente, consegui fazer a biometria facial do Meu Gov. Est√° autorizado. 
Meu problema √© com a autoriza√ß√£o do SOU Gov dentro do Meu Gov para a prova de vida. Minha primeira tentativa deu negada e agora fica na lista como negada e n√£o me deixa nem apagar nem tentar outra vez. 

7/6/21
Depois de algumas tentativas consegui ter a biometria facial feita. Tentei usar o Sou Gov para fazer a prova de vida e deu negado na primeira tentativa no Meu Gov. Fica aparecendo negado e n√£o me deixa tentar outra vez. Como resolver isso?",Prova de vida,3
30,2021-06-07 21:13:43,"O usu√°rio se aut√™ntica e quando vai validar biometria d√° erro (mesmo cumprindo todas as orienta√ß√µes)! O iPhone X com trip√©, luz de fotografia, fundo branco e n√£o identifica biometricamente! 1000 vezes tentando, n√£o deveriam tratar os usu√°rios finais assim! Aff! Tem fintechs que usa esse recurso e faz muito mais sendo simples, seguro  e funciona! Mesmo tendo todos os requisitos: cadastro v√°lido no TSE e CHN v√°lida e nada! N√£o tem sequer algum link de suporte de abertura de chamado, alternativa valida√ß√£o por chat ao vivo, nem 0800, nem uma boa machine learning para valida√ß√£o de CNH ! os testes e usu√°rios que consegue bem prov√°vel ser por volta 10% o algoritmo de verifica√ß√£o √© muito falho e exclui e segrega aqueles que precisam da plataforma ! Por favor, resolvem essa quest√£o!",Sem op√ß√£o de abertura de chamado e 0800!,3
31,2021-06-01 14:55:34,"Baixei este aplicativo com intuito de fazer a prova de vida do INSS, fiquei sem saber se foi feita a valida√ß√£o ou n√£o, creio q podem melhor a quest√£o de informa√ß√µes.",Poucas Informa√ß√µes √öteis,3
32,2021-06-01 14:05:56,"√â bem dif√≠cil fazer essa valida√ß√£o. O sistema √© muito sens√≠vel ou falho. Tive que refazer dezenas de vezes, e agora o sistema n√£o conseguiu enviar minha prova de vida",Valida√ß√£o biometrica,3
33,2021-05-31 14:04:30,Foi necess√°rio tentar 5 vezes,Foto,3
34,2021-05-31 02:40:28,O aplicativo informa que vai utilizar os dados da CNH para validar a biometria facial. Acontece que eu N√ÉO TENHO CNH.,"Muito ruim, precisa atualizar urgente",3
35,2021-05-30 20:05:21,"N√£o pode ser apenas um minuto.  S√≥ come√ßam a validar quando do j√° se passaram
20‚Äù.  Ent√£o quando come√ßa o reconhecimento, acabou o tempo. Um
Absurdo. Fiz mais de 50 vezes e quando consegui, o INSS diz que n√£o pode ser enviada hoje.  Ent√£o perdi 4 ou 5 horas da minha vida e n√£o consegui enviar a prova de vida.  Precisa ajustar o tempo e ser mais objetivos nas instru√ß√µes!  A ideia √© boa, mas precisa de ajustes!",Precisa de ajustes,3
36,2021-05-25 20:35:53,Complicado,Complicado,3
37,2021-05-24 18:28:27,"Dif√≠cil fazer o reconhecimento facial. Sistema √© muito demorado para tirar as fotos/
N√£o entendi como usar.",Avaliando,3
38,2021-05-24 15:06:36,N√£o funciona para gerar o c√≥digo para habilitar verifica√ß√£o em 2 etapas via site Gov.br. Quando v√£o arrumar essa importante camada de seguran√ßa?,Falta verifica√ß√£o 2 etapas,3
39,2021-05-09 21:07:32,A velocidade com que o aplicativo reconhece as posi√ß√µes solicitadas √© muito lenta pois em um minuto para uma pessoa idosa √© pouco para atender todas as solicita√ß√µes.,Reconhecimento facial dif√≠cil de responder,3
40,2021-05-05 20:30:18,A verifica√ß√£o facial √© muito dif√≠cil de dar certo . Tentei in√∫meras vezes e deu invalida,Verifica√ß√£o facial,3
41,2021-05-05 01:30:13,Muita dificuldade no reconhecimento facial,Precisa melhorar,3
42,2021-05-04 18:17:50,"O pior App que j√° vi da biometria inv√°lida seja onde voc√™ tiver, no claro, em frente √† janela, em frente √† luz.",P√©ssimo,3
43,2021-05-03 20:02:25,"Se faz todo o processo , chega na op√ß√£o tire a sua foto e a foto √© tirada e o programa n√£o salva . Pede para repetir v√°rias vezes .",Demora em salvar a foto,3
44,2021-04-29 22:58:59,N√£o consigo fazer a biometria facial. Ja pedi ajuda aqui em casa mas depois de varias tentativas desistimos.,Biometria Facial,3
45,2021-04-28 15:28:53,A queixa √© de todos. A valida√ß√£o facial n√£o funciona. Depois de in√∫meras tentativas cheguei o passo ‚Äútire sua foto‚Äù. O app n√£o aceita. Mudem este tipo de valida√ß√£o ou consertem o sistema.,Valida√ß√£o facial n√£o funciona,3
46,2021-04-28 13:44:00,"O app √© bom! Por√©m, seria melhor ainda se desse para exportar o documento para o Wallet (carteira digital da Apple) assim como j√° √© feito com o cart√£o do SUS. Isso facilitaria o acesso ao documento de forma mais r√°pida!",Bom,3
47,2021-04-27 15:20:43,"Como o aplicativo ainda est√° na fase de testes, n√£o vou atribuir nenhuma estrela at√© o momento. No entanto, precisam melhorar a acessibilidade para que pessoas com defici√™ncia visual que hoje s√£o mais ou -20% da for√ßa de trabalho no poder executivo, tenham autonomia para usar os recursos",Inacess√≠vel para deficientes visuais que usam o leitor de tela,3
48,2021-04-22 18:48:54,Para quem n√£o tem os documentos com QR CODE dever√≠amos digitalizar os documentos.,Sem QR CODE... como incluir.,3
49,2021-04-10 18:45:16,"Consegui fazer o reconhecimento facial. Por√©m, n√£o sabia que a foto do reconhecimento ficaria no aplicativo. Queria saber como mudar hahaha.
Mas n√£o achei o app interessante. Eu tenho o app do Detran e l√°, al√©m da CNH, tem o documento do carro. Nesse Gov.br s√≥ aparece a CNH e o CPF, sendo que o CPF j√° est√° na CNH!. Ou seja, o Gov.br eh dispens√°vel para mim...",Como mudar a foto?,3
50,2021-04-07 00:23:07,Poderia dar a oportunidade de tirar outra foto pra ficar salva... fiquei com o olho fechado na foto do aplicativo e n√£o consigo alterar.,Altera√ß√£o da foto,3
51,2021-04-01 14:18:58,Foram muitas tentativas para conseguir validar a fotografia facial;,Valida√ß√£o do app,3
52,2021-03-28 12:44:05,N√£o d√° op√ß√£o para ir a outra p√°gina,Post de entrada,3
53,2021-03-08 21:51:18,"Fiquei v√°rias vezes tentando fazer minha identifica√ß√£o facial. Acabava o tempo e nada. Precisei de ajuda e tb n√£o conseguia. Ap√≥s muito tempo consegui mas entrei no App e n√£o tinha nada. Acabei de fazer novamente, vou verificar se deu resultado. Favor melhorar",App dif√≠cil para idosos,3
54,2021-03-01 09:50:14,Aplicativo pede CNH mas o titular em quest√£o n√£o possui CNH. Cad√™ a op√ß√£o para validar por t√≠tulo de eleitor?,Meio de valida√ß√£o,3
55,2021-02-28 22:54:43,Tive que fazer v√°rias tentativas,Repeti√ß√£o,3
56,2021-02-28 09:30:25,VERIFICA√á√ÉO EM DUAS ETAPAS N√ÉO EST√Å FUNCIONANDO PARA O SISTEMA IOS,Gov.br,3
57,2021-02-25 10:54:09,Bom,Bom,3
58,2021-02-24 12:14:44,Muitas falhas na capta√ß√£o de rosto,Biometria facial,3
59,2021-02-22 20:21:56,"Por enquanto n√£o reconhece a Biometria facial, tentei de todas as formas e pelo que vi aqui nos coment√°rios √© uma falha do sistema.",Vai ser uma evolu√ß√£o quando funcionar!,3
60,2021-02-15 13:17:38,"Sistema complexo, exige muitas tentativas.",Requer muitas tentativas,3
61,2021-01-31 13:41:52,Boa,Jegao3,3
62,2021-01-22 19:21:07,Demora muito! Ap√≥s variadas tentativas!,Demora,3
63,2021-01-21 00:05:13,Esse app precisa ser melhorado porque foi dif√≠cil realizar realizar o reconhecimento facial e n√£o ficou muito bom.,√â complicado,3
64,2021-01-13 17:23:23,Falha muito. O tempo de 1 minuto fica curto e n√£o √© f√°cil fazer a valida√ß√£o facial.,Falha muitas vezes.,3
65,2021-01-08 22:19:21,Demorou muito para realizar a autentica√ß√£o facial,Muito demorado,3
66,2021-01-05 01:21:05,"Minha foto ficou muito ruim, como fa√ßo para trocar a foto no app ??",D√∫vida,3
67,2020-12-21 11:28:42,Nas regras fala que pode ser usado CNH ou T√≠tulo de eleitor mas na hora do cadastro s√≥ aparece a op√ß√£o de colocar a data de emiss√£o do CNH. Acredito que seja um erro do aplicativo mas de toda forma n√£o pudemos fazer o cadastro por conta desse erro!,N√£o tenho CNH,3
68,2020-12-02 23:24:43,O App n√£o funciona.,Muito ruim,3
69,2020-11-26 14:24:58,"Eu tentei diversas vezes fazer a verifica√ß√£o em duas etapas com meu rosto por√©m sempre da erro e n√£o adianta o que eu fa√ßa (ir para lugar mais iluminado, etc) que n√£o funciona, poderiam me ajudar?",N√£o consigo fazer verifica√ß√£o em duas etapas,3
70,2020-11-16 23:01:59,Gostei,Muito bom e simples,3
71,2020-11-13 00:29:33,"O app funciona , entretanto n√£o sei por qual motivo n√£o aparece a valida√ß√£o por meio do t√≠tulo de eleitor ü§∑üèª‚Äç‚ôÄÔ∏è
√à no site do meu INSS diz que pode usar qualquer um dos dois !",Sem op√ß√£o de usar o t√≠tulo de eleitor,3
72,2020-11-12 00:52:26,Bom,001645901600,3
73,2020-10-25 17:12:32,"Muito dif√≠cil de lidar com o sitema, deveriam atualizar.",Sistema muito complexo,3
74,2020-10-23 14:07:46,"Depois de DEZENAS de tentativas, finalmente consegui validar a biometria. Foi necess√°rio olhar diretamente para a c√¢mera, n√£o funcionou quando olhei para a tela do celular (isso poderia virar uma orienta√ß√£o no pr√≥prio app, ou ser um ponto de aprimoramento pra futuras vers√µes).

Al√©m disso, eu possuo CDT, acesso pelo app CarteiraDigital tranquilamente, mas, quando (finalmente) consegui entrar no app gov.br, n√£o apareceu (diz que n√£o possuo CDT).",Dica para cadastrar a biometria; N√£o importou minha CDT,3
75,2020-10-19 22:27:32,Bom aplicativo.,Pode melhorar,3
76,2020-10-01 19:05:39,Muito complexo para idosos,Avalia√ß√£o,3
77,2020-09-29 04:57:03,"N√£o entendi bem qual a utilidade do app. Verifica√ß√£o facial apenas? Na aba de documentos n√£o √© poss√≠vel adicionar documentos, no PC n√£o consigo formalizar uma MEI porque est√° travado pedindo verifica√ß√£o do meu n√∫mero de celular que j√° foi verificado. O app poderia ser mais √∫til permitindo a cria√ß√£o da conta MEI no celular j√° que a verifica√ß√£o facial √© feita atrav√©s dele.",Basicamente in√∫til,3
78,2021-05-16 21:18:18,10,edernelson,3
79,2020-06-20 14:09:35,Meu CPF est√° cadastrado em um e-mail que n√£o √© meu. Quando fui recuperar pela Recupera√ß√£o Facial parou no pedido da data da √∫ltima emiss√£o da minha CNH. Clico em Avan√ßar e n√£o vai pra frente.,Quero recuperar minha senha,3
80,2020-08-18 01:35:05,"Tentei por gov.br,carteira digital e tudo,diz que tenho cadastro de cpf com cadastro de outro e-mail e telefone, por reconhecimento facial deu certo e no final diz que esse recurso n√£o esta dispon√≠vel,as orienta√ß√µes de acesso por bancos tbm n√£o existem,pelo bb n√£o pode por zero so X e n√£o digita o X",N√£o tenho acesso,3
81,2020-07-15 19:08:57,"Parabenizo o governo federal pela iniciativa de implementar cada vez mais servi√ßos digitais! Consegui realizar facilmente meu cadastro no gov.br, utilizando o reconhecimento facial. Eu gostaria de usar o Portal de Assinaturas Eletr√¥nicas, mas n√£o encontrei a ferramenta dispon√≠vel. Por favor, deem prioridade a essa ferramenta, ela ser√° MUITO √öTIL aos cidad√£os que n√£o t√™m acesso ao certificado digital. Se j√° estivesse dispon√≠vel, eu teria avaliado com 5 estrelas.",√ìtima iniciativa!,3
82,2020-07-01 21:29:52,"Trava toda hora, n√£o consegui validar com QR code. Tentei ent√£o via conta conjunta com minha esposa no Banco do Brasil. Aparentemente consegui criar uma nova senha (pelo sistema eu j√° era cadastrado... mas n√£o sei de onde tiraram isso p√≥s era a primeira vez que estava usando esse App). 
Criada a senha, fui entrar no App e travou.",Lixo,3
83,2020-06-11 18:40:12,"Depois de tirar a foto, a app fica pedindo novamente a foto depois que uso a app por uma segunda vez.",Foto,3
